,taxid,level,total_sequence_length,total_alignment_length,scientific_name,total_bp,proportion_of_subsampled,total_bp_adjusted,proportion_total_bp_adjusted
0,469,genus,0.0,51769,Acinetobacter,51769.0,0.0001576893582086679,950299.6757796195,5.6107334348242726e-05
2,694002,genus,324332925.0,35665,Betacoronavirus,324332925.0,0.987924255619966,5953630038.674798,0.3515126014239898
5,561,genus,0.0,12892,Escherichia,12892.0,3.926927709683684e-05,236652.50285210944,1.397237254761624e-05
6,1395974,genus,0.0,9673,Tardiphaga,9673.0,2.9464141898673812e-05,177562.80329572252,1.0483614617832136e-05
8,1912216,genus,0.0,8396,Cutibacterium,8396.0,2.5574375620930975e-05,154121.5027882649,9.099599744786376e-06
12,13687,genus,0.0,2941,Sphingomonas,2941.0,8.95834191295355e-06,53986.58166987697,3.187461034947205e-06
14,1891714,genus,2811979.0,2610,Betapolyomavirus,2811979.0,0.008565341494065015,51618202.6309007,0.0030476278454912636
15,99,genus,0.0,2532,Ancylobacter,2532.0,7.712520137231685e-06,46478.757153392886,2.7441861069317656e-06
17,10509,genus,175755.0,2376,Mastadenovirus,175755.0,0.0005353530713740738,3226253.540084742,0.00019048358184194016
